{"cameraMode":{"drawMode":0,"name":"Shaded","section":"Shading Mode"},"sceneLighting":false,"audioPlay":false,"sceneViewState":{"m_AlwaysRefresh":false,"showFog":true,"showSkybox":false,"showFlares":true,"showImageEffects":true,"showParticleSystems":true,"showVisualEffectGraphs":true,"m_FxEnabled":true},"in2DMode":false,"pivot":{"x":0.21999996900558473,"y":1.7299957275390626,"z":-6.789999961853027},"rotation":{"x":0.32210853695869448,"y":-0.3602045476436615,"z":0.13410824537277223,"w":0.8652013540267944},"size":2.790591239929199,"orthographic":true}