{"cameraMode":{"drawMode":0,"name":"Shaded","section":"Shading Mode"},"sceneLighting":true,"audioPlay":false,"sceneViewState":{"m_AlwaysRefresh":false,"showFog":true,"showSkybox":false,"showFlares":true,"showImageEffects":true,"showParticleSystems":true,"showVisualEffectGraphs":true,"m_FxEnabled":true},"in2DMode":false,"pivot":{"x":5.079116344451904,"y":0.17849349975585938,"z":-3.2414863109588625},"rotation":{"x":0.24521811306476594,"y":-0.41598638892173769,"z":0.11754989624023438,"w":0.8677918910980225},"size":2.2368521690368654,"orthographic":true}